{
  "formId": 1,
  "title": "사무실 대청소 요청서 폼",
  "items": [{
      "itemId": 1,
      "title": "원하는 청소 스타일은 무엇인가요?",
      "formType": 1,
      "options": [{
          "id": 1,
          "text": "스팀청소"
        }, {
          "id": 2,
          "text": "진공청소기로 청소"
        }, {
          "id": 3,
          "text": "쓰레기 비우기"
        }]
  }, {
    "itemId": 2,
    "title": "몇시간 청소를 원하시나요?",
    "formType": 2,
    "options": [{
      "id": 3,
      "text": "30분"
    }, {
      "id": 4,
      "text": "1시간"
    }, {
      "id": 5,
      "text": "2시간"
    }]
  }, {
    "itemId": 3,
    "title": "추가로 원하시는 청소 스타일이 있나요? 직접 입력해주세요",
    "formType": 3,
    "options": []
  }, {
    "itemId": 4,
    "title": "네번째 질문입니다",
    "formType": 4,
    "options": [{
      "id": 6,
      "text": "React 좋아하시나요?"
    }, {
      "id": 7,
      "text": "Vue 좋아하시나요?"
    }, {
      "id": 8,
      "text": "React VS Vue 과연 승자는?"
    }]
  }]
}